Inflation_Scenario,CPI_Rate,I_Bond_Rate,I_Bond_Real_Return,Baseline_Portfolio_Real_Return,With_IBonds_Portfolio_Real_Return,Real_Return_Improvement,Improvement_Percentage
Low Inflation (2%),0.02,0.02,0.0,0.051500000000000004,0.04630000000000001,-0.005199999999999996,-0.10097087378640769
Normal Inflation (3%),0.03,0.03,0.0,0.04200000000000001,0.03780000000000001,-0.004200000000000002,-0.10000000000000003
High Inflation (5%),0.05,0.05,0.0,0.023000000000000003,0.020800000000000003,-0.0022000000000000006,-0.0956521739130435
Very High Inflation (7%),0.07,0.07,0.0,0.003999999999999998,0.003799999999999998,-0.00020000000000000052,-0.05000000000000015
Deflation (-1%),-0.01,0.0,0.01,0.08000000000000002,0.0728,-0.007200000000000012,-0.09000000000000014
